{"cameraMode":{"drawMode":0,"name":"Shaded","section":"Shading Mode"},"sceneLighting":true,"audioPlay":false,"sceneViewState":{"showFog":true,"showMaterialUpdate":false,"showSkybox":true,"showFlares":true,"showImageEffects":true,"showParticleSystems":true},"in2DMode":false,"pivot":{"x":-5.64453125,"y":1.98486328125,"z":-12.58935546875},"rotation":{"x":0.07224342226982117,"y":0.12681913375854493,"z":-0.009262016043066979,"w":0.9892662763595581},"size":11.531744956970215,"orthographic":true}