{"cameraMode":{"drawMode":0,"name":"Shaded","section":"Shading Mode"},"sceneLighting":true,"audioPlay":false,"sceneViewState":{"showFog":true,"showMaterialUpdate":false,"showSkybox":true,"showFlares":true,"showImageEffects":true,"showParticleSystems":true},"in2DMode":false,"pivot":{"x":0.46738457679748537,"y":14.129806518554688,"z":19.466339111328126},"rotation":{"x":0.24061895906925202,"y":0.007561626378446817,"z":-0.0018943218747153879,"w":0.9706373810768127},"size":19.24691390991211,"orthographic":true}