{"cameraMode":{"drawMode":0,"name":"Shaded","section":"Shading Mode"},"sceneLighting":true,"audioPlay":false,"sceneViewState":{"showFog":true,"showMaterialUpdate":false,"showSkybox":true,"showFlares":true,"showImageEffects":true,"showParticleSystems":true},"in2DMode":false,"pivot":{"x":-5.64453125,"y":1.98486328125,"z":-12.58935546875},"rotation":{"x":0.0837501809000969,"y":0.06122937798500061,"z":-0.005187943112105131,"w":0.9946953058242798},"size":31.435211181640626,"orthographic":true}